{
  "auc_train": 0.5759949149187877,
  "auc_test": 0.5746043965431427,
  "ks_test": 0.10769815119832876,
  "brier_test": 0.24477902147690292,
  "test_response_rate": 0.19566666666666666
}